<?xml version="1.0" encoding="UTF-8"?>
<!-- Created by Stephen Adjei-Kyei (GHSS) -->
<configuration>
	<supportedtestTypes>
		<testtype>		
			<testtypeid>8</testtypeid>
			<testtypename>Full Blood Count</testtypename>
		</testtype>			
	</supportedtestTypes>
	<supportedsamples>		
		<sample>
			<equipmentsampleid>2</equipmentsampleid>
			<lissampleid>2</lissampleid>
			<samplename>Whole Blood</samplename>
		</sample>		
	</supportedsamples>
	<supportedtests>
		<listest>
			<equipmenttestid>1</equipmenttestid>
			<listestid>29</listestid>
			<listestname>WBC</listestname>
		</listest>	
		<listest>
			<equipmenttestid>2</equipmenttestid>
			<listestid>30</listestid>
			<listestname>RBC</listestname>
		</listest>	
		<listest>
			<equipmenttestid>3</equipmenttestid>
			<listestid>31</listestid>
			<listestname>HGB</listestname>
		</listest>	
		<listest>
			<equipmenttestid>4</equipmenttestid>
			<listestid>32</listestid>
			<listestname>HCT</listestname>
		</listest>	
		<listest>
			<equipmenttestid>5</equipmenttestid>
			<listestid>33</listestid>
			<listestname>MCV</listestname>
		</listest>	
		<listest>
			<equipmenttestid>6</equipmenttestid>
			<listestid>34</listestid>
			<listestname>MCH</listestname>
		</listest>	
		<listest>
			<equipmenttestid>7</equipmenttestid>
			<listestid>35</listestid>
			<listestname>MCHC</listestname>
		</listest>	
		<listest>
			<equipmenttestid>8</equipmenttestid>
			<listestid>36</listestid>
			<listestname>PLT</listestname>
		</listest>	
		<listest>
			<equipmenttestid>9</equipmenttestid>
			<listestid>39</listestid>
			<listestname>NEUT%</listestname>
		</listest>	
		<listest>
			<equipmenttestid>10</equipmenttestid>
			<listestid>40</listestid>
			<listestname>LYMPH%</listestname>
		</listest>	
		<listest>
			<equipmenttestid>11</equipmenttestid>
			<listestid>41</listestid>
			<listestname>MONO%</listestname>
		</listest>	
		<listest>
			<equipmenttestid>12</equipmenttestid>
			<listestid>42</listestid>
			<listestname>EO%</listestname>
		</listest>	
		<listest>
			<equipmenttestid>13</equipmenttestid>
			<listestid>43</listestid>
			<listestname>BASO%</listestname>
		</listest>	
		<listest>
			<equipmenttestid>14</equipmenttestid>
			<listestid>44</listestid>
			<listestname>NEUT#</listestname>
		</listest>	
		<listest>
			<equipmenttestid>15</equipmenttestid>
			<listestid>45</listestid>
			<listestname>LYMPH#</listestname>
		</listest>	
		<listest>
			<equipmenttestid>16</equipmenttestid>
			<listestid>46</listestid>
			<listestname>MONO#</listestname>
		</listest>	
		<listest>
			<equipmenttestid>17</equipmenttestid>
			<listestid>47</listestid>
			<listestname>EO#</listestname>
		</listest>	
		<listest>
			<equipmenttestid>18</equipmenttestid>
			<listestid>48</listestid>
			<listestname>BASO#</listestname>
		</listest>		
		<listest>
			<equipmenttestid>21</equipmenttestid>
			<listestid>37</listestid>
			<listestname>PDW</listestname>
		</listest>	
		<listest>
			<equipmenttestid>22</equipmenttestid>
			<listestid>38</listestid>
			<listestname>MPV</listestname>
		</listest>
			
				
	</supportedtests>
</configuration>
