<?xml version="1.0" encoding="UTF-8"?>
<!-- Created by Stephen Adjei-Kyei (GHSS) -->
<configuration>
	<supportedtestTypes>
		<testtype>		
			<testtypeid>306</testtypeid>
			<testtypename>FBC Day</testtypename>
		</testtype>			
	</supportedtestTypes>
	<supportedsamples>
		<sample>
			<equipmentsampleid>1</equipmentsampleid>
			<lissampleid>1</lissampleid>
			<samplename>Serum</samplename>
		</sample>
		<sample>
			<equipmentsampleid>3</equipmentsampleid>
			<lissampleid>3</lissampleid>
			<samplename>Whole Blood</samplename>
		</sample>		
	</supportedsamples>
	<supportedtests>
		<listest>
			<equipmenttestid>1</equipmenttestid>
			<listestid>632</listestid>
			<listestname>WBC</listestname>
		</listest>	
		<listest>
			<equipmenttestid>2</equipmenttestid>
			<listestid>623</listestid>
			<listestname>RBC</listestname>
		</listest>	
		<listest>
			<equipmenttestid>3</equipmenttestid>
			<listestid>624</listestid>
			<listestname>HGB</listestname>
		</listest>	
		<listest>
			<equipmenttestid>4</equipmenttestid>
			<listestid>625</listestid>
			<listestname>HCT</listestname>
		</listest>	
		<listest>
			<equipmenttestid>5</equipmenttestid>
			<listestid>626</listestid>
			<listestname>MCV</listestname>
		</listest>	
		<listest>
			<equipmenttestid>6</equipmenttestid>
			<listestid>627</listestid>
			<listestname>MCH</listestname>
		</listest>	
		<listest>
			<equipmenttestid>7</equipmenttestid>
			<listestid>628</listestid>
			<listestname>MCHC</listestname>
		</listest>	
		<listest>
			<equipmenttestid>8</equipmenttestid>
			<listestid>629</listestid>
			<listestname>RDW</listestname>
		</listest>	
		<listest>
			<equipmenttestid>9</equipmenttestid>
			<listestid>630</listestid>
			<listestname>PLT</listestname>
		</listest>	
		<listest>
			<equipmenttestid>10</equipmenttestid>
			<listestid>631</listestid>
			<listestname>MPV</listestname>
		</listest>	
		<listest>
			<equipmenttestid>11</equipmenttestid>
			<listestid>643</listestid>
			<listestname>PCT</listestname>
		</listest>	
		<listest>
			<equipmenttestid>12</equipmenttestid>
			<listestid>644</listestid>
			<listestname>PDW</listestname>
		</listest>	
		<listest>
			<equipmenttestid>13</equipmenttestid>
			<listestid>635</listestid>
			<listestname>LYM%</listestname>
		</listest>	
		<listest>
			<equipmenttestid>14</equipmenttestid>
			<listestid>637</listestid>
			<listestname>MON%</listestname>
		</listest>	
		<listest>
			<equipmenttestid>15</equipmenttestid>
			<listestid>634</listestid>
			<listestname>NEU%</listestname>
		</listest>	
		<listest>
			<equipmenttestid>16</equipmenttestid>
			<listestid>639</listestid>
			<listestname>EOS%</listestname>
		</listest>	
		<listest>
			<equipmenttestid>17</equipmenttestid>
			<listestid>641</listestid>
			<listestname>BAS%</listestname>
		</listest>	
		<listest>
			<equipmenttestid>18</equipmenttestid>
			<listestid>636</listestid>
			<listestname>LYM#</listestname>
		</listest>	
		<listest>
			<equipmenttestid>19</equipmenttestid>
			<listestid>638</listestid>
			<listestname>MON#</listestname>
		</listest>	
		<listest>
			<equipmenttestid>20</equipmenttestid>
			<listestid>633</listestid>
			<listestname>NEU#</listestname>
		</listest>	
		<listest>
			<equipmenttestid>21</equipmenttestid>
			<listestid>640</listestid>
			<listestname>EOS#</listestname>
		</listest>	
		<listest>
			<equipmenttestid>22</equipmenttestid>
			<listestid>642</listestid>
			<listestname>BAS#</listestname>
		</listest>	
		<listest>
			<equipmenttestid>23</equipmenttestid>
			<listestid>645</listestid>
			<listestname>ALY%</listestname>
		</listest>	
		<listest>
			<equipmenttestid>24</equipmenttestid>
			<listestid>647</listestid>
			<listestname>LIC%</listestname>
		</listest>	
		<listest>
			<equipmenttestid>25</equipmenttestid>
			<listestid>646</listestid>
			<listestname>ALY#</listestname>
		</listest>	
		<listest>
			<equipmenttestid>26</equipmenttestid>
			<listestid>648</listestid>
			<listestname>LIC#</listestname>
		</listest>				
	</supportedtests>
</configuration>
