<?xml version="1.0" encoding="UTF-8"?>
<!-- Created by Stephen Adjei-Kyei (GHSS) -->
<configuration>
	<supportedtestTypes>
		<testtype>		
			<testtypeid>9</testtypeid>
			<testtypename>FBC</testtypename>
		</testtype>			
	</supportedtestTypes>
	<supportedsamples>		
		<sample>
			<equipmentsampleid>3</equipmentsampleid>
			<lissampleid>9</lissampleid>
			<samplename>Whole Blood</samplename>
		</sample>		
	</supportedsamples>
	<supportedtests>
		<listest>
			<equipmenttestid>1</equipmenttestid>
			<listestid>41</listestid>
			<listestname>WBC</listestname>
		</listest>	
		<listest>
			<equipmenttestid>2</equipmenttestid>
			<listestid>47</listestid>
			<listestname>RBC</listestname>
		</listest>	
		<listest>
			<equipmenttestid>3</equipmenttestid>
			<listestid>48</listestid>
			<listestname>HGB</listestname>
		</listest>	
		<listest>
			<equipmenttestid>4</equipmenttestid>
			<listestid>49</listestid>
			<listestname>HCT</listestname>
		</listest>	
		<listest>
			<equipmenttestid>5</equipmenttestid>
			<listestid>50</listestid>
			<listestname>MCV</listestname>
		</listest>	
		<listest>
			<equipmenttestid>6</equipmenttestid>
			<listestid>51</listestid>
			<listestname>MCH</listestname>
		</listest>	
		<listest>
			<equipmenttestid>7</equipmenttestid>
			<listestid>52</listestid>
			<listestname>MCHC</listestname>
		</listest>	
		<listest>
			<equipmenttestid>8</equipmenttestid>
			<listestid>53</listestid>
			<listestname>RDW</listestname>
		</listest>	
		<listest>
			<equipmenttestid>9</equipmenttestid>
			<listestid>54</listestid>
			<listestname>PLT</listestname>
		</listest>	
		<listest>
			<equipmenttestid>10</equipmenttestid>
			<listestid>55</listestid>
			<listestname>MPV</listestname>
		</listest>			
		<listest>
			<equipmenttestid>13</equipmenttestid>
			<listestid>43</listestid>
			<listestname>LYM%</listestname>
		</listest>	
		<listest>
			<equipmenttestid>14</equipmenttestid>
			<listestid>44</listestid>
			<listestname>MON%</listestname>
		</listest>	
		<listest>
			<equipmenttestid>15</equipmenttestid>
			<listestid>42</listestid>
			<listestname>NEU%</listestname>
		</listest>	
		<listest>
			<equipmenttestid>16</equipmenttestid>
			<listestid>45</listestid>
			<listestname>EOS%</listestname>
		</listest>	
		<listest>
			<equipmenttestid>17</equipmenttestid>
			<listestid>46</listestid>
			<listestname>BAS%</listestname>
		</listest>	
		<listest>
			<equipmenttestid>18</equipmenttestid>
			<listestid>476</listestid>
			<listestname>LYM#</listestname>
		</listest>	
		<listest>
			<equipmenttestid>19</equipmenttestid>
			<listestid>477</listestid>
			<listestname>MON#</listestname>
		</listest>	
		<listest>
			<equipmenttestid>20</equipmenttestid>
			<listestid>475</listestid>
			<listestname>NEU#</listestname>
		</listest>	
		<listest>
			<equipmenttestid>21</equipmenttestid>
			<listestid>478</listestid>
			<listestname>EOS#</listestname>
		</listest>	
		<listest>
			<equipmenttestid>22</equipmenttestid>
			<listestid>479</listestid>
			<listestname>BAS#</listestname>
		</listest>						
	</supportedtests>
</configuration>
