<?xml version="1.0" encoding="UTF-8"?>
<!-- Created by Stephen Adjei-Kyei (GHSS) -->
<configuration>
	<supportedtestTypes>
		<testtype>		
			<testtypeid>18</testtypeid>
			<testtypename>*</testtypename>
		</testtype>			
	</supportedtestTypes>
	<supportedsamples>		
		<sample>
			<equipmentsampleid>S</equipmentsampleid>
			<lissampleid>1</lissampleid>
			<samplename>Serum</samplename>
		</sample>			
	</supportedsamples>
	<supportedtests>
		<listest>
			<equipmenttestid>A/G</equipmenttestid>
			<listestid>519</listestid>
			<listestname>A/G</listestname>
		</listest>	
		<listest>
			<equipmenttestid>AGAP</equipmenttestid>
			<listestid>520</listestid>
			<listestname>ANION GAP</listestname>
		</listest>
		<listest>
			<equipmenttestid>ALB(SI)</equipmenttestid>
			<listestid>504</listestid>
			<listestname>ALBUMIN (SI)</listestname>
		</listest>	
		<listest>
			<equipmenttestid>ALP</equipmenttestid>
			<listestid>505</listestid>
			<listestname>ALK PHOS</listestname>
		</listest>	
		<listest>
			<equipmenttestid>ALT</equipmenttestid>
			<listestid>506</listestid>
			<listestname>ALT</listestname>
		</listest>
		<listest>
			<equipmenttestid>AMYL</equipmenttestid>
			<listestid>27</listestid>
			<listestname>AMYLASE</listestname>
		</listest>
		<listest>
			<equipmenttestid>AST</equipmenttestid>
			<listestid>507</listestid>
			<listestname>AST</listestname>
		</listest>
		<listest>
			<equipmenttestid>B/C</equipmenttestid>
			<listestid>518</listestid>
			<listestname>B/C</listestname>
		</listest>
		<listest>
			<equipmenttestid>BUN</equipmenttestid>
			<listestid>508</listestid>
			<listestname>BUN</listestname>
		</listest>
		<listest>
			<equipmenttestid>BUN(SI)</equipmenttestid>
			<listestid>509</listestid>
			<listestname>BUN(SI)</listestname>
		</listest>
		<listest>
			<equipmenttestid>C/H</equipmenttestid>
			<listestid>510</listestid>
			<listestname>CORONARY RISK</listestname>
		</listest>
		<listest>
			<equipmenttestid>CA</equipmenttestid>
			<listestid>182</listestid>
			<listestname>CALCIUM</listestname>
		</listest>
		<listest>
			<equipmenttestid>CA(SI)</equipmenttestid>
			<listestid>511</listestid>
			<listestname>CALCIUM (SI)</listestname>
		</listest><listest>
			<equipmenttestid>CEA</equipmenttestid>
			<listestid>512</listestid>
			<listestname>CEA</listestname>
		</listest>
		<listest>
			<equipmenttestid>CHOL</equipmenttestid>
			<listestid>513</listestid>
			<listestname>CHOLESTEROL</listestname>
		</listest>
		<listest>
			<equipmenttestid>CHOL(SI)</equipmenttestid>
			<listestid>514</listestid>
			<listestname>CHOLESTEROL(SI)</listestname>
		</listest>
		<listest>
			<equipmenttestid>CL</equipmenttestid>
			<listestid>515</listestid>
			<listestname>CHLORIDE</listestname>
		</listest>
		<listest>
			<equipmenttestid>CO2</equipmenttestid>
			<listestid>516</listestid>
			<listestname>CARBON DIOXIDE</listestname>
		</listest>
		<listest>
			<equipmenttestid>CPK</equipmenttestid>
			<listestid>517</listestid>
			<listestname>CPK</listestname>
		</listest>
		<listest>
			<equipmenttestid>CRE</equipmenttestid>
			<listestid>521</listestid>
			<listestname>CREATININE</listestname>
		</listest>
		<listest>
			<equipmenttestid>CRE(SI)</equipmenttestid>
			<listestid>522</listestid>
			<listestname>CREATININE</listestname>
		</listest>
		<listest>
			<equipmenttestid>DA1C</equipmenttestid>
			<listestid>523</listestid>
			<listestname>HEMOGLOBIN A1C</listestname>
		</listest>
		<listest>
			<equipmenttestid>DBIL</equipmenttestid>
			<listestid>524</listestid>
			<listestname>DIRECT BILIRUBIN</listestname>
		</listest>
		<listest>
			<equipmenttestid>DBIL(SI)</equipmenttestid>
			<listestid>525</listestid>
			<listestname>DIRECT BILIRUBIN (SI)</listestname>
		</listest>
		<listest>
			<equipmenttestid>FLU</equipmenttestid>
			<listestid>528</listestid>
			<listestname>INFLUENZA </listestname>
		</listest>
		<listest>
			<equipmenttestid>FER</equipmenttestid>
			<listestid>208</listestid>
			<listestname>Ferritin</listestname>
		</listest>
		<listest>
			<equipmenttestid>FT4</equipmenttestid>
			<listestid>529</listestid>
			<listestname>FREE T4</listestname>
		</listest>
		<listest>
			<equipmenttestid>GGT</equipmenttestid>
			<listestid>530</listestid>
			<listestname>GGT</listestname>
		</listest>
		<listest>
			<equipmenttestid>GLOB</equipmenttestid>
			<listestid>531</listestid>
			<listestname>GLOBULIN</listestname>
		</listest>
		<listest>
			<equipmenttestid>GLU</equipmenttestid>
			<listestid>532</listestid>
			<listestname>GLUCOSE</listestname>
		</listest>
		<listest>
			<equipmenttestid>GLU(SI)</equipmenttestid>
			<listestid>533</listestid>
			<listestname>GLUCOSE (SI)</listestname>
		</listest>
		<listest>
			<equipmenttestid>VLDL</equipmenttestid>
			<listestid>534</listestid>
			<listestname>VLDL</listestname>
		</listest>
		<listest>
			<equipmenttestid>URIC</equipmenttestid>
			<listestid>25</listestid>
			<listestname>URIC ACID</listestname>
		</listest>
		<listest>
			<equipmenttestid>URIC(SI)</equipmenttestid>
			<listestid>542</listestid>
			<listestname>URIC ACID(SI)</listestname>
		</listest>
		<listest>
			<equipmenttestid>HDL</equipmenttestid>
			<listestid>537</listestid>
			<listestname>HDL</listestname>
		</listest>
		<listest>
			<equipmenttestid>HDL(SI)</equipmenttestid>
			<listestid>538</listestid>
			<listestname>HDL (SI)</listestname>
		</listest>
		<listest>
			<equipmenttestid>HP</equipmenttestid>
			<listestid>539</listestid>
			<listestname>H. PYLORI</listestname>
		</listest>
		<listest>
			<equipmenttestid>IBIL</equipmenttestid>
			<listestid>540</listestid>
			<listestname>INDIRECT BILIRUBIN</listestname>
		</listest>
		<listest>
			<equipmenttestid>IBIL(SI)</equipmenttestid>
			<listestid>548</listestid>
			<listestname>INDIRECT BILIRUBIN(SI)</listestname>
		</listest>
		<listest>
			<equipmenttestid>IRON</equipmenttestid>
			<listestid>541</listestid>
			<listestname>IRON</listestname>
		</listest>
		<listest>
			<equipmenttestid>K</equipmenttestid>
			<listestid>543</listestid>
			<listestname>POTASSIUM</listestname>
		</listest>
		<listest>
			<equipmenttestid>LDH</equipmenttestid>
			<listestid>544</listestid>
			<listestname>LDH</listestname>
		</listest>
		<listest>
			<equipmenttestid>LDL</equipmenttestid>
			<listestid>545</listestid>
			<listestname>LDL-DIRECT</listestname>
		</listest><listest>
			<equipmenttestid>LDLC</equipmenttestid>
			<listestid>546</listestid>
			<listestname>LDL-CALCULATED</listestname>
		</listest>
		<listest>
			<equipmenttestid>MAG</equipmenttestid>
			<listestid>189</listestid>
			<listestname>MAGNESIUM</listestname>
		</listest>
		<listest>
			<equipmenttestid>MAG(SI)</equipmenttestid>
			<listestid>547</listestid>
			<listestname>MAGNESIUM (SI)</listestname>
		</listest>
		<listest>
			<equipmenttestid>NA</equipmenttestid>
			<listestid>549</listestid>
			<listestname>SODIUM</listestname>
		</listest>
		<listest>
			<equipmenttestid>PHOS</equipmenttestid>
			<listestid>194</listestid>
			<listestname>Phosphorus</listestname>
		</listest>
		<listest>
			<equipmenttestid>PHOS(SI)</equipmenttestid>
			<listestid>550</listestid>
			<listestname>Phosphorus(SI)</listestname>
		</listest>
		<listest>
			<equipmenttestid>PRO</equipmenttestid>
			<listestid>551</listestid>
			<listestname>TOTAL PROTEIN</listestname>
		</listest>
		<listest>
			<equipmenttestid>PRO(SI)</equipmenttestid>
			<listestid>552</listestid>
			<listestname>TOTAL PROTEIN(SI)</listestname>
		</listest>
		<listest>
			<equipmenttestid>PSA</equipmenttestid>
			<listestid>197</listestid>
			<listestname>PSA</listestname>
		</listest>
		<listest>
			<equipmenttestid>TBIL</equipmenttestid>
			<listestid>553</listestid>
			<listestname>TOTAL BILIRUBIN</listestname>
		</listest>
		<listest>
			<equipmenttestid>TBIL(SI)</equipmenttestid>
			<listestid>554</listestid>
			<listestname>TOTAL BILIRUBIN (SI)</listestname>
		</listest>		
		<listest>
			<equipmenttestid>TRIG</equipmenttestid>
			<listestid>555</listestid>
			<listestname>TRIGLYCERIDE</listestname>
		</listest>
		<listest>
			<equipmenttestid>TRIG(SI)</equipmenttestid>
			<listestid>556</listestid>
			<listestname>TRIGLYCERIDE (SI)</listestname>
		</listest>		
		<listest>
			<equipmenttestid>ALB</equipmenttestid>
			<listestid>651</listestid>
			<listestname>NEW ALBUMIN</listestname>
		</listest>		
	</supportedtests>
</configuration>
