<?xml version="1.0" encoding="UTF-8"?>
<!-- Created by Stephen Adjei-Kyei (GHSS) -->
<configuration>
	<message>
		<type name="ORU^R01" description="The analyzer sends the test results to LIS" initiator="Equipment" replymessage="ACK^R01" responseto="" follow="">
			<segment name="MSH" id="MSH" description="Message Header" position="1" fieldlength="20">
				<fields>
					<field>
						<name>seperator</name>
						<position>1</position>
						<datatype>String</datatype>
					</field>
					<field>
						<name>encodingchars</name>
						<position>2</position>
						<datatype>String</datatype>
					</field>
					<field>
						<name>manufacturer</name>
						<position>3</position>
						<datatype>String</datatype>
					</field>
					<field>
						<name>model</name>
						<position>4</position>
						<datatype>String</datatype>
					</field>
					<field>
						<name>messagedate</name>
						<position>7</position>
						<datatype>datetime</datatype>
						<format>yyyyMMddHHmmss</format>
					</field>
					<field>
						<name>messagetype</name>
						<position>9</position>
						<datatype>String</datatype>
						<default>ORU^R01</default>
					</field>
					<field>
						<name>messageid</name>
						<position>10</position>
						<datatype>int</datatype>
					</field>
					<field>
						<name>processingid</name>
						<position>11</position>
						<datatype>String</datatype>
					</field>
					<field>
						<name>versionid</name>
						<position>12</position>
						<datatype>String</datatype>
					</field>
					<field>
						<name>acknowledgementtype</name>
						<position>16</position>
						<datatype>int</datatype>
					</field>
					<field>
						<name>charset</name>
						<position>18</position>
						<datatype>String</datatype>
					</field>
				</fields>
			</segment>
			<segment name="PID" id="PID" description="Patient Identification" position="2" fieldlength="30">
				<fields>
					<field>
						<name>setid</name>
						<position>1</position>
						<datatype>int</datatype>
					</field>
					<field>
						<name>patientno</name>
						<position>2</position>
						<datatype>String</datatype>
					</field>
					<field>
						<name>bedno</name>
						<position>4</position>
						<datatype>String</datatype>
					</field>
					<field>
						<name>patientname</name>
						<position>5</position>
						<datatype>String</datatype>
					</field>
					<field>
						<name>dob</name>
						<position>7</position>
						<datatype>datetime</datatype>
						<format>yyyyMMddHHmmss</format>
					</field>
					<field>
						<name>sex</name>
						<position>8</position>
						<datatype>Stirng</datatype>
					</field>
					<field>
						<name>bloodtype</name>
						<position>9</position>
						<datatype>Stirng</datatype>
					</field>
				</fields>
			</segment>
			<segment name="OBR" id="OBR" description="Observation Report" position="3" fieldlength="47">
				<fields>
					<field>
						<name>setid</name>
						<position>1</position>
						<datatype>int</datatype>
					</field>
					<field>
						<name>samplebarcode</name>
						<position>2</position>
						<datatype>String</datatype>
					</field>
					<field>
						<name>sampleid</name>
						<position>3</position>
						<datatype>String</datatype>
					</field>
					<field>
						<name>serviceid</name>
						<position>4</position>
						<datatype>String</datatype>
					</field>
					<field>
						<name>priority</name>
						<position>5</position>
						<datatype>String</datatype>
					</field>
					<field>
						<name>sampletype</name>
						<position>15</position>
						<datatype>String</datatype>
					</field>
				</fields>
			</segment>
			<segment name="OBX" id="OBX" description="Observation  Result" position="4" fieldlength="17">
				<fields>
					<field>
						<name>setid</name>
						<position>1</position>
						<datatype>int</datatype>
					</field>
					<field>
						<name>valuetype</name>
						<position>2</position>
						<datatype>String</datatype>
					</field>
					<field>
						<name>testno</name>
						<position>3</position>
						<datatype>String</datatype>
					</field>
					<field>
						<name>testname</name>
						<position>4</position>
						<datatype>String</datatype>
					</field>
					<field>
						<name>testresult</name>
						<position>5</position>
						<datatype>String</datatype>
					</field>
					<field>
						<name>testunit</name>
						<position>6</position>
						<datatype>String</datatype>
					</field>
					<field>
						<name>refrange</name>
						<position>7</position>
						<datatype>String</datatype>
					</field>
					<field>
						<name>flag</name>
						<position>11</position>
						<datatype>String</datatype>
					</field>
					<field>
						<name>modifiedresult</name>
						<position>13</position>
						<datatype>String</datatype>
					</field>
				</fields>
			</segment>
		</type>
		<type name="ACK^R01" description="Response to ORU Message from Equipment" initiator="LIS" replymessage="" responseto="ORU^R01" follow="">
			<segment name="MSH" id="MSH" description="Message Header" position="1" fieldlength="20">
				<fields>
					<field>
						<name>seperator</name>
						<position>1</position>
						<datatype>String</datatype>
						<default>MSH</default>
					</field>
					<field>
						<name>encodingchars</name>
						<position>2</position>
						<datatype>String</datatype>
						<default>ORU^R01-MSH[2]</default>
					</field>
					<field>
						<name>manufacturer</name>
						<position>5</position>
						<datatype>String</datatype>
						<default>GHSS</default>
					</field>
					<field>
						<name>model</name>
						<position>6</position>
						<datatype>String</datatype>
						<default>BLIS</default>
					</field>
					<field>
						<name>messagedate</name>
						<position>7</position>
						<datatype>datetime</datatype>
						<format>yyyyMMddHHmmss</format>
						<default>sysdatetime</default>
					</field>
					<field>
						<name>messagetype</name>
						<position>9</position>
						<datatype>String</datatype>
						<default>ACK^R01</default>
					</field>
					<field>
						<name>messageid</name>
						<position>10</position>
						<datatype>int</datatype>
						<default>ORU^R01-MSH[10]</default>
					</field>
					<field>
						<name>processingid</name>
						<position>11</position>
						<datatype>String</datatype>
						<default>P</default>
					</field>
					<field>
						<name>versionid</name>
						<position>12</position>
						<datatype>String</datatype>
						<default>2.3.1</default>
					</field>
					<field>
						<name>acknowledgementtype</name>
						<position>16</position>
						<datatype>int</datatype>
						<default>ORU^R01-MSH[16]</default>
					</field>
					<field>
						<name>charset</name>
						<position>18</position>
						<datatype>String</datatype>
						<default>ASCII</default>
					</field>
				</fields>
			</segment>
			<segment name="MSA" id="MSA" description="Acknowledgement Message" position="1" fieldlength="6">
				<fields>
					<field>
						<name>acknowledgementcode</name>
						<position>1</position>
						<datatype>String</datatype>
						<default>AA</default>
					</field>
					<field>
						<name>controlid</name>
						<position>2</position>
						<datatype>String</datatype>
						<default>ORU^R01-MSH[10]</default>
					</field>
					<field>
						<name>message</name>
						<position>3</position>
						<datatype>String</datatype>
						<default>Message accepted</default>
					</field>
					<field>
						<name>conditioncode</name>
						<position>6</position>
						<datatype>int</datatype>
						<default>0</default>
					</field>
				</fields>
			</segment>
		</type>
		<type name="QRY^Q02" description="Analyzer requests sample and patient information from LIS" initiator="Equipment" replymessage="QCK^Q02" responseto="" follow="">
			<segment name="MSH" id="MSH" description="Message Header" position="1" fieldlength="20">
				<fields>
					<field>
						<name>seperator</name>
						<position>1</position>
						<datatype>String</datatype>
					</field>
					<field>
						<name>encodingchars</name>
						<position>2</position>
						<datatype>String</datatype>
					</field>
					<field>
						<name>manufacturer</name>
						<position>3</position>
						<datatype>String</datatype>
					</field>
					<field>
						<name>model</name>
						<position>4</position>
						<datatype>String</datatype>
					</field>
					<field>
						<name>messagedate</name>
						<position>7</position>
						<datatype>datetime</datatype>
						<format>yyyyMMddHHmmss</format>
					</field>
					<field>
						<name>messagetype</name>
						<position>9</position>
						<datatype>String</datatype>
						<default>ORU^R01</default>
					</field>
					<field>
						<name>messageid</name>
						<position>10</position>
						<datatype>int</datatype>
					</field>
					<field>
						<name>processingid</name>
						<position>11</position>
						<datatype>String</datatype>
					</field>
					<field>
						<name>versionid</name>
						<position>12</position>
						<datatype>String</datatype>
					</field>
					<field>
						<name>acknowledgementtype</name>
						<position>16</position>
						<datatype>int</datatype>
					</field>
					<field>
						<name>charset</name>
						<position>18</position>
						<datatype>String</datatype>
					</field>
				</fields>
			</segment>
			<segment name="QRD" id="QRD" description="Query Definition Segment" position="2" fieldlength="12">
				<fields>
					<field>
						<name>querydate</name>
						<position>1</position>
						<datatype>datetime</datatype>
						<format>yyyyMMddHHmmss</format>
					</field>
					<field>
						<name>formatcode</name>
						<position>2</position>
						<datatype>String</datatype>
					</field>
					<field>
						<name>priority</name>
						<position>3</position>
						<datatype>String</datatype>
					</field>
					<field>
						<name>queryid</name>
						<position>4</position>
						<datatype>int</datatype>
					</field>
					<field>
						<name>quantityrequested</name>
						<position>7</position>
						<datatype>String</datatype>
					</field>
					<field>
						<name>whofilter</name>
						<position>8</position>
						<datatype>String</datatype>
					</field>
					<field>
						<name>whatfilter</name>
						<position>9</position>
						<datatype>String</datatype>
					</field>
					<field>
						<name>resultlevel</name>
						<position>12</position>
						<datatype>String</datatype>
					</field>
				</fields>
			</segment>
			<segment name="QRF" id="QRF" description="Query Filter Segment" position="3" fieldlength="9">
				<fields>
					<field>
						<name>model</name>
						<position>1</position>
						<datatype>String</datatype>
					</field>
					<field>
						<name>datefrom</name>
						<position>2</position>
						<datatype>datetime</datatype>
						<format>yyyyMMddHHmmss</format>
					</field>
					<field>
						<name>dateto</name>
						<position>3</position>
						<datatype>datetime</datatype>
						<format>yyyyMMddHHmmss</format>
					</field>
					<field>
						<name>objecttype</name>
						<position>6</position>
						<datatype>String</datatype>
					</field>
					<field>
						<name>objectstatus</name>
						<position>7</position>
						<datatype>String</datatype>
					</field>
					<field>
						<name>selection</name>
						<position>8</position>
						<datatype>String</datatype>
					</field>
				</fields>
			</segment>
		</type>
		<type name="QCK^Q02" description="Response to QRY^Q02 Message from Equipment" initiator="LIS" replymessage="" responseto="QRY^Q02" follow="">
			<segment name="MSH" id="MSH" description="Message Header" position="1" fieldlength="20">
				<fields>
					<field>
						<name>seperator</name>
						<position>1</position>
						<datatype>String</datatype>
						<default>MSH</default>
					</field>
					<field>
						<name>encodingchars</name>
						<position>2</position>
						<datatype>String</datatype>
						<default>QRY^Q02-MSH[2]</default>
					</field>
					<field>
						<name>manufacturer</name>
						<position>5</position>
						<datatype>String</datatype>
						<default>GHSS</default>
					</field>
					<field>
						<name>model</name>
						<position>6</position>
						<datatype>String</datatype>
						<default>BLIS</default>
					</field>
					<field>
						<name>messagedate</name>
						<position>7</position>
						<datatype>datetime</datatype>
						<format>yyyyMMddHHmmss</format>
						<default>sysdatetime</default>
					</field>
					<field>
						<name>messagetype</name>
						<position>9</position>
						<datatype>String</datatype>
						<default>QCK^Q02</default>
					</field>
					<field>
						<name>messageid</name>
						<position>10</position>
						<datatype>int</datatype>
						<default>QRY^Q02-MSH[10]</default>
					</field>
					<field>
						<name>processingid</name>
						<position>11</position>
						<datatype>String</datatype>
						<default>P</default>
					</field>
					<field>
						<name>versionid</name>
						<position>12</position>
						<datatype>String</datatype>
						<default>2.3.1</default>
					</field>
					<field>
						<name>acknowledgementtype</name>
						<position>16</position>
						<datatype>int</datatype>
						<default>QRY^Q02-MSH[16]</default>
					</field>
					<field>
						<name>charset</name>
						<position>18</position>
						<datatype>String</datatype>
						<default>ASCII</default>
					</field>
				</fields>
			</segment>
			<segment name="MSA" id="MSA" description="Acknowledgement Message" position="2" fieldlength="6">
				<fields>
					<field>
						<name>acknowledgementcode</name>
						<position>1</position>
						<datatype>String</datatype>
						<default>AA</default>
					</field>
					<field>
						<name>controlid</name>
						<position>2</position>
						<datatype>String</datatype>
						<default>QRY^Q02-MSH[10]</default>
					</field>
					<field>
						<name>message</name>
						<position>3</position>
						<datatype>String</datatype>
						<default>Message accepted</default>
					</field>
					<field>
						<name>conditioncode</name>
						<position>6</position>
						<datatype>int</datatype>
						<default>0</default>
					</field>
				</fields>
			</segment>
			<segment name="ERR" id="ERR" description="ERR Segment" position="3" fieldlength="1">
				<fields>
					<field>
						<name>Errorlocation</name>
						<position>1</position>
						<datatype>int</datatype>
						<default>0</default>
					</field>
				</fields>
			</segment>
			<segment name="QAK" id="QAK" description="Query acknowledgement segment" position="4" fieldlength="2">
				<fields>
					<field>
						<name>querytag</name>
						<position>1</position>
						<datatype>String</datatype>
						<default>SR</default>
					</field>
					<field>
						<name>querystatus</name>
						<position>2</position>
						<datatype>String</datatype>
						<default>OK</default>
					</field>
				</fields>
			</segment>
		</type>
		<type name="DSR^Q03" description="Search results message to Equipment from LIS" initiator="LIS" replymessage="" responseto="" follow="QCK^Q02">
			<segment name="MSH" id="MSH" description="Message Header" position="1" fieldlength="20">
				<fields>
					<field>
						<name>seperator</name>
						<position>1</position>
						<datatype>String</datatype>
						<default>MSH</default>
					</field>
					<field>
						<name>encodingchars</name>
						<position>2</position>
						<datatype>String</datatype>
						<default>QRY^Q02-MSH[2]</default>
					</field>
					<field>
						<name>manufacturer</name>
						<position>5</position>
						<datatype>String</datatype>
						<default>GHSS</default>
					</field>
					<field>
						<name>model</name>
						<position>6</position>
						<datatype>String</datatype>
						<default>BLIS</default>
					</field>
					<field>
						<name>messagedate</name>
						<position>7</position>
						<datatype>datetime</datatype>
						<format>yyyyMMddHHmmss</format>
						<default>sysdatetime</default>
					</field>
					<field>
						<name>messagetype</name>
						<position>9</position>
						<datatype>String</datatype>
						<default>DSR^Q03</default>
					</field>
					<field>
						<name>messageid</name>
						<position>10</position>
						<datatype>int</datatype>
						<default>QRY^Q02-MSH[10]</default>
					</field>
					<field>
						<name>processingid</name>
						<position>11</position>
						<datatype>String</datatype>
						<default>P</default>
					</field>
					<field>
						<name>versionid</name>
						<position>12</position>
						<datatype>String</datatype>
						<default>2.3.1</default>
					</field>
					<field>
						<name>acknowledgementtype</name>
						<position>16</position>
						<datatype>int</datatype>
						<default>QRY^Q02-MSH[16]</default>
					</field>
					<field>
						<name>charset</name>
						<position>18</position>
						<datatype>String</datatype>
						<default>ASCII</default>
					</field>
				</fields>
			</segment>
			<segment name="MSA" id="MSA" description="Acknowledgement Message" position="2" fieldlength="6">
				<fields>
					<field>
						<name>acknowledgementcode</name>
						<position>1</position>
						<datatype>String</datatype>
						<default>AA</default>
					</field>
					<field>
						<name>controlid</name>
						<position>2</position>
						<datatype>String</datatype>
						<default>QRY^Q02-MSH[10]</default>
					</field>
					<field>
						<name>message</name>
						<position>3</position>
						<datatype>String</datatype>
						<default>Message accepted</default>
					</field>
					<field>
						<name>conditioncode</name>
						<position>6</position>
						<datatype>int</datatype>
						<default>0</default>
					</field>
				</fields>
			</segment>
			<segment name="ERR" id="ERR" description="ERR Segment" position="3" fieldlength="1">
				<fields>
					<field>
						<name>Errorlocation</name>
						<position>1</position>
						<datatype>int</datatype>
						<default>0</default>
					</field>
				</fields>
			</segment>
			<segment name="QAK" id="QAK" description="Query acknowledgement segment" position="4" fieldlength="2">
				<fields>
					<field>
						<name>querytag</name>
						<position>1</position>
						<datatype>String</datatype>
						<default>SR</default>
					</field>
					<field>
						<name>querystatus</name>
						<position>2</position>
						<datatype>String</datatype>
						<default>OK</default>
					</field>
				</fields>
			</segment>
			<segment name="QRD" id="QRD" description="Query Definition Segment" position="5" fieldlength="12">
				<fields>
					<field>
						<name>querydate</name>
						<position>1</position>
						<datatype>datetime</datatype>
						<format>yyyyMMddHHmmss</format>
						<default>QRY^Q02-QRD[1]</default>
					</field>
					<field>
						<name>formatcode</name>
						<position>2</position>
						<datatype>String</datatype>
						<default>QRY^Q02-QRD[2]</default>
					</field>
					<field>
						<name>priority</name>
						<position>3</position>
						<datatype>String</datatype>
						<default>QRY^Q02-QRD[3]</default>
					</field>
					<field>
						<name>queryid</name>
						<position>4</position>
						<datatype>int</datatype>
						<default>QRY^Q02-QRD[4]</default>
					</field>
					<field>
						<name>quantityrequested</name>
						<position>7</position>
						<datatype>String</datatype>
						<default>QRY^Q02-QRD[7]</default>
					</field>
					<field>
						<name>whofilter</name>
						<position>8</position>
						<datatype>String</datatype>
						<default>QRY^Q02-QRD[8]</default>
					</field>
					<field>
						<name>whatfilter</name>
						<position>9</position>
						<datatype>String</datatype>
						<default>QRY^Q02-QRD[9]</default>
					</field>
					<field>
						<name>resultlevel</name>
						<position>12</position>
						<datatype>String</datatype>
						<default>QRY^Q02-QRD[12]</default>
					</field>
				</fields>
			</segment>
			<segment name="QRF" id="QRF" description="Query Filter Segment" position="6" fieldlength="9">
				<fields>
					<field>
						<name>model</name>
						<position>1</position>
						<datatype>String</datatype>
						<default>QRY^Q02-QRF[1]</default>
					</field>
					<field>
						<name>datefrom</name>
						<position>2</position>
						<datatype>datetime</datatype>
						<format>yyyyMMddHHmmss</format>
						<default>QRY^Q02-QRF[2]</default>
					</field>
					<field>
						<name>dateto</name>
						<position>3</position>
						<datatype>datetime</datatype>
						<format>yyyyMMddHHmmss</format>
						<default>QRY^Q02-QRF[3]</default>
					</field>
					<field>
						<name>objecttype</name>
						<position>6</position>
						<datatype>String</datatype>
						<default>QRY^Q02-QRF[6]</default>
					</field>
					<field>
						<name>objectstatus</name>
						<position>7</position>
						<datatype>String</datatype>
						<default>QRY^Q02-QRF[7]</default>
					</field>
					<field>
						<name>selection</name>
						<position>8</position>
						<datatype>String</datatype>
						<default>QRY^Q02-QRF[8]</default>
					</field>
				</fields>
			</segment>
			<!--<segment name="DSP" id="DSP" description="Found searched Data returned from LIS to equipment" position="7" fieldlength="5">
				<fields>
					<field>
						<name>setid</name>
						<position>1</position>
						<datatype>int</datatype>
						<default>autoincreament</default>
					</field>
					<field>
						<name>dataline</name>
						<position>3</position>
						<datatype>String</datatype>
					</field>
				</fields>
			</segment>
			<segment name="DSC" id="DSC" description="Continuation pointer for Data returned from LIS to equipment" position="8" fieldlength="0">
				<fields>
					<field>
						<name>pointer</name>
						<position>1</position>
						<datatype>int</datatype>
						<default>autoincreament</default>
					</field>
				</fields>
			</segment> -->
		</type>
		<type name="ACK^Q03" description="Response to DSR Message from Equipment" initiator="Equipment" replymessage="" responseto="DSR^Q03" follow="">
			<segment name="MSH" id="MSH" description="Message Header" position="1" fieldlength="20">
				<fields>
					<field>
						<name>seperator</name>
						<position>1</position>
						<datatype>String</datatype>
					</field>
					<field>
						<name>encodingchars</name>
						<position>2</position>
						<datatype>String</datatype>
					</field>
					<field>
						<name>manufacturer</name>
						<position>3</position>
						<datatype>String</datatype>
					</field>
					<field>
						<name>model</name>
						<position>4</position>
						<datatype>String</datatype>
					</field>
					<field>
						<name>messagedate</name>
						<position>7</position>
						<datatype>datetime</datatype>
						<format>yyyyMMddHHmmss</format>
					</field>
					<field>
						<name>messagetype</name>
						<position>9</position>
						<datatype>String</datatype>
						<default>ACK^Q03</default>
					</field>
					<field>
						<name>messageid</name>
						<position>10</position>
						<datatype>int</datatype>
					</field>
					<field>
						<name>processingid</name>
						<position>11</position>
						<datatype>String</datatype>
					</field>
					<field>
						<name>versionid</name>
						<position>12</position>
						<datatype>String</datatype>
					</field>
					<field>
						<name>acknowledgementtype</name>
						<position>16</position>
						<datatype>int</datatype>
					</field>
					<field>
						<name>charset</name>
						<position>18</position>
						<datatype>String</datatype>
					</field>
				</fields>
			</segment>
			<segment name="MSA" id="MSA" description="Acknowledgement Message" position="2" fieldlength="6">
				<fields>
					<field>
						<name>acknowledgementcode</name>
						<position>1</position>
						<datatype>String</datatype>
						<default>AA</default>
					</field>
					<field>
						<name>controlid</name>
						<position>2</position>
						<datatype>String</datatype>
						<default>DSR^Q03-MSH[10]</default>
					</field>
					<field>
						<name>message</name>
						<position>3</position>
						<datatype>String</datatype>
						<default>Message accepted</default>
					</field>
					<field>
						<name>conditioncode</name>
						<position>6</position>
						<datatype>int</datatype>
						<default>0</default>
					</field>
				</fields>
			</segment>
			<segment name="ERR" id="ERR" description="ERR Segment" position="3" fieldlength="1">
				<fields>
					<field>
						<name>Errorlocation</name>
						<position>1</position>
						<datatype>int</datatype>
						<default>0</default>
					</field>
				</fields>
			</segment>
		</type>
	</message>
	<supportedsamples>
		<sample>
			<equipmentid>1</equipmentid>
			<lisid>1</lisid>
			<samplename>Serum</samplename>
		</sample>
		<sample>
			<equipmentid>2</equipmentid>
			<lisid>4</lisid>
			<samplename>Plasma</samplename>
		</sample>		
	</supportedsamples>
	<supportedtests>
		<listest>
			<listestid>442</listestid>
			<listestname>Glucose</listestname>
		</listest>
		<listest>
			<listestid>445</listestid>
			<listestname>Total Protein</listestname>
		</listest>
		<listest>
			<listestid>446</listestid>
			<listestname>Albumin</listestname>
		</listest>
		<listest>
			<listestid>447</listestid>
			<listestname>Globulins</listestname>
		</listest>
		<listest>
			<listestid>448</listestid>
			<listestname>Total Bilirubin</listestname>
		</listest>
		<listest>
			<listestid>449</listestid>
			<listestname>Direct Bilirubin</listestname>
		</listest>
		<listest>
			<listestid>450</listestid>
			<listestname>Indirect Bilirubin</listestname>
		</listest>
		<listest>
			<listestid>451</listestid>
			<listestname>AST</listestname>
		</listest>
		<listest>
			<listestid>452</listestid>
			<listestname>ALT</listestname>
		</listest>
		<listest>
			<listestid>453</listestid>
			<listestname>GGT</listestname>
		</listest>
		<listest>
			<listestid>454</listestid>
			<listestname>ALP</listestname>
		</listest>
		<listest>
			<listestid>469</listestid>
			<listestname>Urea</listestname>
		</listest>
		<listest>
			<listestid>470</listestid>
			<listestname>Creatinine</listestname>
		</listest>
		<listest>
			<listestid>471</listestid>
			<listestname>Sodium</listestname>
		</listest>
		<listest>
			<listestid>2</listestid>
			<listestname>Potassium</listestname>
		</listest>
		<listest>
			<listestid>455</listestid>
			<listestname>Uric Acid</listestname>
		</listest>
		<listest>
			<listestid>162</listestid>
			<listestname>Total Cholesterol</listestname>
		</listest>
		<listest>
			<listestid>163</listestid>
			<listestname>Triglycerides</listestname>
		</listest>
		<listest>
			<listestid>164</listestid>
			<listestname>HDL Cholesterol</listestname>
		</listest>
		<listest>
			<listestid>165</listestid>
			<listestname>LDL Cholesterol</listestname>
		</listest>
		<listest>
			<listestid>166</listestid>
			<listestname>VLDL Cholesterol</listestname>
		</listest>
		<listest>
			<listestid>167</listestid>
			<listestname>Coronary Risk</listestname>
		</listest>
		<listest>
			<listestid>208</listestid>
			<listestname>LDH</listestname>
		</listest>
		<listest>
			<listestid>209</listestid>
			<listestname>CK</listestname>
		</listest>
		<listest>
			<listestid>213</listestid>
			<listestname>RBS</listestname>
		</listest>
		<listest>
			<listestid>221</listestid>
			<listestname>CPK</listestname>
		</listest>
		<listest>
			<listestid>222</listestid>
			<listestname>CK-MB</listestname>
		</listest>	
		<listest>
			<listestid>483</listestid>
			<listestname>Chloride</listestname>
		</listest>			
	</supportedtests>
</configuration>
